r1,r2,r3,r4,r5,r6,c1,c2,cost
3300.0,12000.0,3900.0,2700.0,2700.0,1800.0,1e-08,3.3e-08,1.4271369884142675
12000.0,180,6800.0,82000.0,5600.0,150,2.2e-09,4.7e-08,4.899843023275285
150,3300.0,8200.0,6800.0,120,56000.0,1.5e-09,1.5e-08,2.8413494513815203
3300.0,2700.0,1500.0,47000.0,680,470,3.3e-08,1.5e-08,4.9854233310916305
470,5600.0,270,3300.0,22000.0,15000.0,1.5e-08,2.2e-09,1.808960984865083
390,3900.0,390,1500.0,22000.0,5600.0,2.2e-09,1.5e-08,2.995166549477075
27000.0,3300.0,56000.0,56000.0,3900.0,39000.0,3.3e-08,2.2e-09,2.525588041129926
470,39000.0,6800.0,820,8200.0,33000.0,3.3e-09,1.5e-08,1.0040921640239537
8200.0,18000.0,470,27000.0,3900.0,18000.0,2.2e-09,1e-08,3.088331837750652
820,1000.0,1200.0,47000.0,15000.0,560,3.3e-09,6.8e-08,4.560666626605876
100,27000.0,1800.0,150,2700.0,8200.0,2.2e-08,2.2e-09,0.9578984051664222
47000.0,3900.0,22000.0,100,150,33000.0,1.5e-08,6.8e-08,1.0590161772494449
270,1800.0,120,270,56000.0,270,6.8e-08,1e-09,0.9925273324088434
330,15000.0,1500.0,120,5600.0,120,3.3e-08,6.8e-09,0.9809480249285799
820,1800.0,1500.0,5600.0,4700.0,470,2.2e-09,1.5e-09,4.715153425670624
180,330,390,120,820,8200.0,2.2e-08,4.7e-08,2.2869972280977198
12000.0,120,5600.0,27000.0,56000.0,3900.0,6.8e-08,4.7e-08,1.9216583093773385
56000.0,82000.0,33000.0,120,68000.0,18000.0,2.2e-08,2.2e-08,1.0089534913974056
4700.0,82000.0,22000.0,15000.0,5600.0,180,1e-08,4.7e-08,0.9646494942644598
68000.0,560,82000.0,3900.0,2200.0,12000.0,4.7e-09,2.2e-09,2.245672195666528
330,680,3300.0,470,1000.0,22000.0,3.3e-09,1e-09,3.202079817448445
120,560,22000.0,47000.0,56000.0,2700.0,4.7e-09,1.5e-09,0.9332705407333801
82000.0,12000.0,2700.0,270,82000.0,2700.0,4.7e-08,1e-09,0.9720517769627673
10000.0,33000.0,6800.0,18000.0,56000.0,560,2.2e-09,2.2e-08,1.0910223300576254
100,150,270,68000.0,2200.0,56000.0,4.7e-09,3.3e-09,2.878098629168441
82000.0,6800.0,3300.0,820,8200.0,3900.0,4.7e-08,1.5e-08,2.450518026110486
680,390,1000.0,1800.0,330,220,1e-08,2.2e-08,4.987157855727514
4700.0,68000.0,82000.0,3900.0,220,390,1.5e-08,3.3e-08,3.4786210676174365
8200.0,4700.0,6800.0,470,27000.0,120,2.2e-08,1e-08,0.6825287236911309
560,12000.0,27000.0,180,120,5600.0,3.3e-08,4.7e-08,1.4030348392512084
82000.0,47000.0,1000.0,4700.0,68000.0,220,6.8e-08,1e-09,0.9731114444289765
2700.0,390,3900.0,10000.0,390,270,2.2e-08,6.8e-09,4.4931837638242555
8200.0,2200.0,390,68000.0,3900.0,12000.0,2.2e-08,2.2e-08,2.560117169706749
270,47000.0,3900.0,15000.0,820,150,3.3e-08,1e-09,4.841597275615268
4700.0,470,390,2700.0,27000.0,1500.0,6.8e-08,1e-08,0.6747254099969879
680,56000.0,39000.0,68000.0,27000.0,680,3.3e-09,4.7e-09,0.9900587172276475
680,2200.0,150,150,560,5600.0,1.5e-08,6.8e-09,4.303758159731506
33000.0,180,3300.0,6800.0,1000.0,820,2.2e-08,1.5e-08,4.807270363817736
1500.0,1500.0,220,10000.0,1200.0,680,6.8e-09,2.2e-08,4.8753823167083965
1000.0,15000.0,15000.0,39000.0,39000.0,5600.0,4.7e-08,1e-09,0.9770311486140988
68000.0,100,560,2700.0,5600.0,100,2.2e-08,1.5e-08,1.3889718845030927
220,10000.0,120,8200.0,10000.0,390,2.2e-09,2.2e-09,4.958253665028345
330,2700.0,27000.0,33000.0,820,18000.0,1.5e-09,1e-09,3.627629726422994
150,1000.0,560,47000.0,220,1200.0,1.5e-09,3.3e-09,4.999402125921705
390,120,470,4700.0,27000.0,150,1.5e-08,1e-08,0.841573947854785
68000.0,82000.0,3300.0,6800.0,560,2200.0,1.5e-08,4.7e-08,2.9782749609657118
1200.0,680,39000.0,10000.0,2200.0,82000.0,1e-09,1e-08,1.2102881846888123
2200.0,390,18000.0,2200.0,560,1200.0,4.7e-09,4.7e-09,3.426320268002623
120,3300.0,1800.0,1800.0,10000.0,180,6.8e-09,1e-09,3.345414760650205
1800.0,390,470,270,1000.0,22000.0,6.8e-09,1e-08,2.3385409920157905
220,68000.0,6800.0,1800.0,47000.0,56000.0,6.8e-09,3.3e-09,0.9981814971921006
22000.0,330,39000.0,150,1000.0,390,2.2e-09,3.3e-09,2.4980981049489444
33000.0,5600.0,33000.0,47000.0,15000.0,820,1e-09,6.8e-08,2.863380378145391
330,220,2700.0,1800.0,47000.0,2700.0,1.5e-09,3.3e-09,3.25835482276789
56000.0,330,2200.0,2700.0,33000.0,68000.0,6.8e-08,1e-08,1.6012081411878096
180,4700.0,56000.0,2200.0,270,39000.0,6.8e-08,6.8e-08,1.2645943862297404
4700.0,1200.0,22000.0,560,390,6800.0,3.3e-08,2.2e-08,1.1036789576201698
1800.0,270,560,820,390,560,6.8e-09,4.7e-08,3.549519873513018
150,8200.0,22000.0,470,33000.0,4700.0,4.7e-08,1e-09,0.9994795486585649
1200.0,22000.0,8200.0,22000.0,270,220,1.5e-08,4.7e-08,3.0002394830897763
820,18000.0,15000.0,39000.0,39000.0,270,1e-08,6.8e-08,0.9543580268914599
15000.0,1000.0,220,12000.0,3900.0,3300.0,4.7e-08,6.8e-08,2.5586514709663284
6800.0,150,3900.0,68000.0,180,470,2.2e-09,2.2e-09,4.997291648298582
390,820,1200.0,470,5600.0,150,1e-09,6.8e-09,3.1747297105781405
560,150,330,82000.0,82000.0,10000.0,6.8e-09,6.8e-09,3.19064455051214
150,150,270,2200.0,1800.0,120,1.5e-09,2.2e-08,4.998895192912465
39000.0,15000.0,220,27000.0,100,68000.0,3.3e-08,1.5e-09,2.8770416786013655
10000.0,15000.0,560,33000.0,330,68000.0,6.8e-08,3.3e-09,2.7631645295007026
82000.0,22000.0,120,470,470,2200.0,2.2e-08,1.5e-08,3.8210457225273156
330,2700.0,82000.0,220,270,390,4.7e-09,1.5e-09,4.79772995131671
22000.0,220,2700.0,22000.0,100,820,1e-08,6.8e-09,4.911676905148292
1000.0,68000.0,560,560,6800.0,390,6.8e-09,4.7e-08,0.9957497126947753
100,68000.0,820,12000.0,68000.0,680,1.5e-09,4.7e-08,0.9879223514864731
220,68000.0,180,18000.0,220,470,3.3e-08,2.2e-08,4.887000651996865
68000.0,10000.0,2700.0,47000.0,68000.0,22000.0,1e-09,6.8e-08,1.5111906282895404
6800.0,27000.0,680,5600.0,1500.0,6800.0,1e-09,3.3e-09,4.957557908115326
4700.0,5600.0,56000.0,33000.0,3300.0,1000.0,1e-08,3.3e-09,1.0304978354304772
56000.0,1800.0,3300.0,820,1200.0,390,2.2e-09,4.7e-08,2.781246296622001
1800.0,47000.0,18000.0,100,1500.0,820,2.2e-09,3.3e-08,2.5325095126714343
15000.0,33000.0,470,100,560,12000.0,1e-09,1e-08,2.558455463017826
100,560,4700.0,4700.0,270,180,3.3e-08,3.3e-08,0.9362296266089624
120,220,680,39000.0,100,47000.0,4.7e-09,4.7e-09,2.8350209856388973
3300.0,120,82000.0,3300.0,5600.0,2700.0,3.3e-08,2.2e-08,1.6141917277518756
6800.0,2700.0,12000.0,3300.0,2200.0,2200.0,2.2e-08,6.8e-09,2.1715801178893845
10000.0,1800.0,1200.0,47000.0,150,27000.0,3.3e-09,1.5e-09,3.621351378358669
270,680,1800.0,470,47000.0,1800.0,1e-09,2.2e-08,1.024076961168585
6800.0,470,390,27000.0,330,22000.0,2.2e-09,1e-09,4.247245525508518
18000.0,820,27000.0,15000.0,820,120,2.2e-08,4.7e-09,2.8397754038834626
560,270,82000.0,560,2200.0,22000.0,1.5e-08,2.2e-08,1.062865230554955
470,3300.0,2200.0,56000.0,390,18000.0,1.5e-09,1.5e-08,3.634801081925025
4700.0,39000.0,47000.0,220,18000.0,10000.0,3.3e-09,1.5e-09,2.755046540620272
33000.0,33000.0,47000.0,330,12000.0,100,6.8e-08,1.5e-09,0.5378336911176287
680,150,15000.0,27000.0,2200.0,82000.0,1e-08,6.8e-09,2.079402152375928
3900.0,390,680,330,1800.0,5600.0,1.5e-08,2.2e-08,2.498002915452379
2200.0,100,1800.0,12000.0,180,2700.0,2.2e-09,4.7e-09,4.598721928530795
22000.0,8200.0,12000.0,33000.0,330,27000.0,1.5e-09,4.7e-08,1.5747528804826412
56000.0,10000.0,8200.0,10000.0,1000.0,27000.0,3.3e-08,4.7e-08,1.3125552482596599
68000.0,120,820,1000.0,27000.0,270,2.2e-08,2.2e-08,0.7295331779605966
5600.0,2700.0,820,270,330,15000.0,6.8e-09,3.3e-08,1.5263552834713154
330,56000.0,12000.0,6800.0,1800.0,2200.0,4.7e-09,2.2e-08,0.968648229824978
6800.0,3300.0,5600.0,1000.0,56000.0,330,2.2e-08,3.3e-08,0.930165253498749
560,150,2700.0,330,33000.0,1500.0,3.3e-09,1e-08,1.77169799888007
120,3900.0,1500.0,180,6800.0,2200.0,2.2e-09,1e-08,0.8011314286396352
270,27000.0,82000.0,3900.0,1000.0,6800.0,4.7e-08,4.7e-09,0.7148141293136151
1200.0,270,33000.0,4700.0,3300.0,4700.0,3.3e-08,1.5e-08,2.611745276848652
100,5600.0,39000.0,33000.0,33000.0,8200.0,2.2e-09,3.3e-09,0.9550265765145083
120,1200.0,8200.0,5600.0,22000.0,560,6.8e-08,6.8e-09,0.9680578675333855
1000.0,5600.0,3300.0,8200.0,39000.0,270,2.2e-08,2.2e-08,0.9439301418045181
39000.0,390,150,1000.0,33000.0,2700.0,1.5e-08,1e-08,1.6935069716718238
39000.0,100,100,39000.0,15000.0,82000.0,4.7e-09,4.7e-08,1.1271305041899793
820,15000.0,180,3300.0,18000.0,2200.0,3.3e-08,3.3e-08,0.8542258876583937
68000.0,220,2700.0,5600.0,180,6800.0,1e-09,1.5e-09,4.544438009380609
15000.0,8200.0,5600.0,27000.0,120,120,6.8e-09,1e-08,4.998835790269743
68000.0,3300.0,1200.0,1800.0,560,12000.0,4.7e-08,1.5e-09,4.449950776460854
15000.0,560,820,560,18000.0,180,4.7e-08,1.5e-08,0.7977347945935855
270,27000.0,47000.0,22000.0,4700.0,33000.0,4.7e-08,6.8e-09,0.9881939572622005
390,330,33000.0,10000.0,6800.0,120,3.3e-08,6.8e-08,0.6252421298722507
12000.0,8200.0,150,220,1500.0,18000.0,4.7e-09,2.2e-08,2.4454848040413464
18000.0,2700.0,5600.0,68000.0,680,150,6.8e-08,1.5e-09,4.874556982668005
12000.0,18000.0,33000.0,1500.0,180,82000.0,1.5e-09,4.7e-08,1.0598048346837503
1500.0,330,220,1000.0,22000.0,560,6.8e-09,1.5e-09,1.8907097779415256
560,120,390,1000.0,2700.0,8200.0,6.8e-08,6.8e-09,2.066247066409891
120,270,15000.0,330,180,39000.0,4.7e-09,4.7e-09,1.2042545480362026
39000.0,4700.0,10000.0,82000.0,150,120,1e-08,4.7e-09,4.999721893985346
150,3300.0,22000.0,150,12000.0,3900.0,1.5e-08,2.2e-08,1.0374090494579753
1800.0,270,10000.0,12000.0,270,10000.0,4.7e-09,6.8e-09,2.688042025245061
39000.0,18000.0,3900.0,8200.0,10000.0,82000.0,2.2e-09,4.7e-09,2.4560338795924683
27000.0,180,4700.0,1500.0,470,1000.0,3.3e-09,6.8e-09,3.963765655298822
1800.0,18000.0,6800.0,100,8200.0,3300.0,2.2e-09,1e-08,2.210407068209329
6800.0,6800.0,15000.0,270,47000.0,33000.0,4.7e-08,3.3e-09,1.002329528379396
18000.0,82000.0,330,390,1200.0,4700.0,2.2e-08,1e-08,3.0737777282311898
1200.0,56000.0,1800.0,68000.0,12000.0,1000.0,1.5e-08,2.2e-09,3.5579429990307676
8200.0,15000.0,6800.0,2200.0,120,68000.0,1.5e-09,1.5e-08,1.4638018590687363
1800.0,33000.0,8200.0,680,820,3300.0,1e-09,2.2e-09,1.8308590495386807
680,100,270,2700.0,560,560,4.7e-08,4.7e-08,4.168694162995999
2700.0,22000.0,18000.0,22000.0,22000.0,680,6.8e-08,1e-09,0.9906528042780375
4700.0,560,22000.0,8200.0,1200.0,470,4.7e-09,1.5e-08,4.376135519322387
8200.0,22000.0,68000.0,10000.0,10000.0,120,1.5e-09,3.3e-09,1.143824786535164
3900.0,33000.0,3300.0,1200.0,470,15000.0,1e-09,2.2e-09,4.8008013264518805
18000.0,15000.0,150,680,15000.0,1500.0,2.2e-08,1.5e-08,1.2579816218528959
180,100,33000.0,39000.0,39000.0,39000.0,4.7e-08,1e-09,0.8600549663114325
1000.0,22000.0,56000.0,82000.0,1000.0,1000.0,4.7e-09,2.2e-09,3.9983849856302993
15000.0,220,1800.0,6800.0,10000.0,22000.0,3.3e-09,1.5e-08,2.4323223845852913
1200.0,1500.0,1000.0,120,12000.0,15000.0,6.8e-09,3.3e-09,2.327328996500246
2700.0,3300.0,18000.0,12000.0,180,1200.0,3.3e-08,2.2e-09,2.8102816341006833
12000.0,1000.0,5600.0,3300.0,820,8200.0,3.3e-08,2.2e-09,3.7339675814140105
270,120,68000.0,820,270,68000.0,1.5e-09,1e-08,1.0596493774563847
560,220,1200.0,1200.0,560,220,2.2e-09,4.7e-09,4.975974314577899
1500.0,1200.0,1500.0,2200.0,220,10000.0,3.3e-08,1.5e-09,4.874749122007348
47000.0,33000.0,220,1000.0,470,150,2.2e-09,2.2e-08,4.989926264737747
100,120,18000.0,470,39000.0,3900.0,1e-09,2.2e-09,2.51188180328178
27000.0,6800.0,3300.0,15000.0,3900.0,2700.0,1.5e-08,4.7e-09,3.914326235667993
10000.0,47000.0,10000.0,22000.0,1200.0,1800.0,3.3e-09,3.3e-08,4.934570613574417
1200.0,390,120,120,68000.0,4700.0,6.8e-08,6.8e-09,1.0153497710838175
100,1200.0,470,39000.0,180,1800.0,6.8e-08,3.3e-09,4.884354180786793
2700.0,33000.0,820,33000.0,220,680,1.5e-09,4.7e-08,4.98620892050788
560,1800.0,150,180,15000.0,150,1.5e-09,3.3e-08,0.8759081675642972
390,15000.0,2700.0,3900.0,220,39000.0,2.2e-09,4.7e-09,3.896136617120483
22000.0,3300.0,560,3900.0,12000.0,3300.0,1e-08,1.5e-08,3.5322081901029776
82000.0,820,56000.0,180,68000.0,2700.0,4.7e-09,3.3e-09,1.2619399973048353
56000.0,5600.0,2200.0,3900.0,470,3300.0,4.7e-08,2.2e-09,4.3085761118301855
3300.0,1500.0,27000.0,6800.0,220,1800.0,4.7e-08,4.7e-08,2.526286402360228
12000.0,220,15000.0,1500.0,15000.0,2200.0,1.5e-09,3.3e-08,2.0069978107998954
1800.0,1200.0,1500.0,56000.0,3300.0,82000.0,6.8e-08,1.5e-09,2.925650422453346
39000.0,680,12000.0,3300.0,6800.0,68000.0,2.2e-08,4.7e-09,1.5686950919067966
470,56000.0,390,560,150,270,3.3e-08,6.8e-08,0.9392907573384695
56000.0,820,820,39000.0,1000.0,22000.0,2.2e-08,1.5e-09,3.7110936801015173
1500.0,47000.0,12000.0,1500.0,82000.0,180,1.5e-08,6.8e-08,0.994653744644663
1200.0,8200.0,10000.0,680,390,3300.0,2.2e-09,4.7e-08,2.512953677426113
4700.0,12000.0,68000.0,27000.0,15000.0,6800.0,1e-08,1e-08,0.4564139621321095
470,47000.0,680,2700.0,120,100,1.5e-09,3.3e-08,4.977493298935553
330,270,12000.0,330,8200.0,4700.0,1e-08,1.5e-09,1.944409512896243
820,1200.0,3900.0,18000.0,3900.0,3900.0,3.3e-09,6.8e-09,4.930237615876675
470,82000.0,1500.0,1000.0,1800.0,15000.0,6.8e-09,4.7e-09,0.9689476416027465
1000.0,6800.0,2200.0,33000.0,100,10000.0,1e-09,1e-09,4.995715909760776
27000.0,3300.0,150,27000.0,2200.0,82000.0,6.8e-09,1.5e-09,2.680355502763593
470,1800.0,68000.0,390,39000.0,820,3.3e-08,6.8e-09,1.0741178203216981
5600.0,47000.0,27000.0,18000.0,18000.0,6800.0,2.2e-09,6.8e-08,1.2804699390159135
330,4700.0,560,1000.0,15000.0,5600.0,4.7e-09,1e-09,0.9334421777936812
150,3900.0,100,390,2700.0,120,3.3e-09,3.3e-09,4.864052172839935
180,27000.0,330,33000.0,820,3900.0,1e-08,3.3e-08,3.6031925485943637
1000.0,470,68000.0,33000.0,2200.0,330,6.8e-09,3.3e-08,4.8393375040513344
680,4700.0,2200.0,1000.0,27000.0,680,3.3e-09,2.2e-08,0.8035525443990117
2200.0,2200.0,270,120,820,2200.0,1e-09,6.8e-08,2.545865115442406
330,82000.0,68000.0,100,560,33000.0,2.2e-08,3.3e-08,1.0062084459312675
2700.0,8200.0,4700.0,150,47000.0,56000.0,3.3e-09,3.3e-08,1.0787898704536534
27000.0,1500.0,10000.0,3300.0,18000.0,820,2.2e-08,1.5e-08,0.4442226975558007
3900.0,330,5600.0,150,270,10000.0,1e-09,2.2e-08,1.0757383748682003
22000.0,56000.0,180,5600.0,4700.0,470,4.7e-09,4.7e-08,4.97500687408304
2700.0,820,330,5600.0,1800.0,15000.0,1e-09,1e-09,4.686023204401958
820,180,1500.0,22000.0,8200.0,560,1e-09,1e-08,4.956760554217853
1200.0,330,18000.0,1000.0,12000.0,5600.0,3.3e-09,2.2e-09,2.5285499926497983
56000.0,68000.0,680,3300.0,680,150,4.7e-08,1e-09,4.852143381529892
390,33000.0,680,390,5600.0,3300.0,1e-09,2.2e-09,0.9490150816701044
33000.0,18000.0,27000.0,39000.0,4700.0,27000.0,6.8e-09,1.5e-08,2.412722794099239
33000.0,4700.0,4700.0,680,6800.0,6800.0,3.3e-08,1e-08,2.9870901391491698
33000.0,1000.0,2200.0,5600.0,330,6800.0,6.8e-09,3.3e-08,2.5148927309073525
39000.0,22000.0,8200.0,47000.0,100,220,4.7e-09,4.7e-08,4.863141728291831
33000.0,1500.0,330,56000.0,10000.0,2200.0,6.8e-09,4.7e-09,4.794296945871113
18000.0,1500.0,220,390,47000.0,150,1e-08,1.5e-08,1.0363434536277527
2200.0,150,10000.0,390,680,47000.0,1.5e-09,2.2e-08,1.060519987647935
3300.0,82000.0,8200.0,270,18000.0,6800.0,2.2e-09,1e-09,0.7706949091354565
12000.0,2700.0,1500.0,27000.0,270,8200.0,2.2e-08,6.8e-09,3.2645784058718537
3300.0,10000.0,15000.0,220,3300.0,10000.0,2.2e-09,2.2e-09,2.4801607453071592
12000.0,150,22000.0,56000.0,560,180,1.5e-09,3.3e-08,4.853748559455001
820,18000.0,1000.0,270,220,270,1e-09,6.8e-08,4.083081789726446
180,1000.0,6800.0,330,1800.0,5600.0,6.8e-09,1e-08,2.5275645640695337
100,1800.0,100,4700.0,680,27000.0,1e-08,1.5e-09,4.51389657002927
27000.0,18000.0,120,2200.0,560,100,1.5e-08,1.5e-09,4.990275518020084
2200.0,1000.0,47000.0,220,1000.0,180,1e-09,1e-09,4.041101538480351
3900.0,1800.0,12000.0,8200.0,680,270,1e-08,6.8e-09,3.379129901329386
680,100,270,180,15000.0,12000.0,6.8e-08,4.7e-09,1.2463807777890086
2200.0,56000.0,270,560,470,22000.0,3.3e-08,1e-08,1.1074223965103216
27000.0,82000.0,390,82000.0,6800.0,2200.0,6.8e-08,6.8e-08,3.8687676344399207
15000.0,330,47000.0,100,56000.0,12000.0,1.5e-08,6.8e-09,1.0579412877775416
680,27000.0,1800.0,82000.0,2700.0,330,2.2e-09,4.7e-09,4.969519386485889
56000.0,6800.0,18000.0,560,560,3300.0,4.7e-09,1.5e-08,1.4704400738420653
10000.0,1200.0,820,2200.0,1200.0,1000.0,6.8e-08,6.8e-08,2.807476420947
68000.0,12000.0,1800.0,1800.0,1200.0,100,3.3e-08,1e-09,4.423067524146464
12000.0,15000.0,1000.0,560,680,1500.0,4.7e-09,4.7e-08,2.804961897821335
47000.0,68000.0,82000.0,68000.0,56000.0,39000.0,4.7e-09,1.5e-08,3.242701022866872
1500.0,820,56000.0,180,4700.0,8200.0,3.3e-09,3.3e-08,1.060173895531958
6800.0,47000.0,100,180,68000.0,1500.0,1.5e-09,1e-08,1.5670044330799802
1000.0,22000.0,1800.0,150,18000.0,33000.0,2.2e-08,3.3e-08,1.0008199410239367
1200.0,1000.0,8200.0,12000.0,6800.0,6800.0,3.3e-09,1e-08,3.1442344254063848
2700.0,1500.0,1500.0,560,4700.0,47000.0,2.2e-08,3.3e-08,1.158879439867336
2700.0,2200.0,27000.0,1800.0,100,1200.0,4.7e-09,3.3e-09,3.6599229996537535
82000.0,180,330,270,470,3300.0,1.5e-08,6.8e-09,3.300874063200854
100,2200.0,470,3900.0,5600.0,1200.0,1e-09,6.8e-09,4.217773547550574
3300.0,560,1000.0,820,1800.0,82000.0,6.8e-09,4.7e-09,2.0525233933886455
680,27000.0,18000.0,12000.0,3300.0,47000.0,1e-09,3.3e-09,2.64646393694386
5600.0,270,180,18000.0,1500.0,4700.0,1.5e-09,6.8e-09,3.7892490447044844
5600.0,5600.0,180,10000.0,1200.0,18000.0,2.2e-08,1.5e-09,4.652334316547677
150,39000.0,270,330,18000.0,4700.0,1e-08,1e-08,0.9867859630715535
680,82000.0,1000.0,82000.0,390,6800.0,1.5e-08,3.3e-09,4.763318332735732
47000.0,4700.0,470,15000.0,220,82000.0,3.3e-09,3.3e-08,1.2131159716154305
4700.0,3900.0,56000.0,39000.0,390,56000.0,4.7e-08,1e-08,2.050750110230683
47000.0,680,39000.0,82000.0,3300.0,2200.0,1.5e-08,3.3e-08,2.7055192340057985
68000.0,22000.0,1000.0,5600.0,68000.0,4700.0,3.3e-08,1e-09,0.8566682175911563
39000.0,150,33000.0,15000.0,10000.0,47000.0,3.3e-08,1e-08,1.6358827958962823
68000.0,1000.0,120,10000.0,680,1500.0,6.8e-09,2.2e-08,3.706948980950058
820,10000.0,4700.0,22000.0,330,56000.0,6.8e-09,6.8e-09,3.824943469436362
330,33000.0,47000.0,15000.0,22000.0,56000.0,1e-09,3.3e-08,1.0706173605297369
22000.0,68000.0,120,8200.0,180,39000.0,6.8e-09,3.3e-09,3.7460910473474214
150,33000.0,68000.0,3300.0,390,3300.0,4.7e-08,3.3e-09,0.9600589327106063
390,560,8200.0,1200.0,2200.0,1500.0,1e-08,6.8e-08,2.525302988213818
82000.0,390,27000.0,47000.0,8200.0,270,4.7e-09,6.8e-08,4.626634369506929
560,220,10000.0,33000.0,6800.0,470,1.5e-08,6.8e-08,3.757278109303886
6800.0,820,56000.0,150,1000.0,39000.0,1e-09,1.5e-08,1.0590314331472928
15000.0,22000.0,180,220,1800.0,8200.0,3.3e-09,6.8e-08,2.4322531935706544
820,3300.0,1800.0,330,560,220,2.2e-08,3.3e-08,1.9640525199286243
5600.0,150,2200.0,1200.0,6800.0,330,1.5e-08,6.8e-08,1.9120857022295024
2200.0,2700.0,33000.0,18000.0,27000.0,180,6.8e-08,1e-09,0.9764920802564038
15000.0,100,1000.0,1200.0,3900.0,470,2.2e-08,6.8e-08,2.8113490731568054
180,39000.0,3300.0,560,68000.0,22000.0,1.5e-09,1e-09,0.9663180454761026
56000.0,56000.0,390,56000.0,100,220,2.2e-08,3.3e-09,4.999724960334412
270,4700.0,2700.0,10000.0,150,3300.0,4.7e-09,1.5e-08,4.565176771171804
390,27000.0,270,4700.0,8200.0,1200.0,4.7e-08,4.7e-08,0.9780349704140769
5600.0,12000.0,470,4700.0,470,330,3.3e-08,1e-08,4.359582193973208
2200.0,120,680,2200.0,8200.0,1800.0,1e-09,3.3e-09,4.940927299567992
1500.0,2200.0,820,82000.0,3300.0,820,1e-08,2.2e-08,4.898801584338744
120,8200.0,10000.0,1500.0,3300.0,680,4.7e-08,4.7e-09,0.9855991434512227
180,390,330,33000.0,270,100,4.7e-08,4.7e-09,4.992662637336454
150,270,3900.0,1200.0,12000.0,100,1.5e-08,6.8e-08,0.7263013167012755
1800.0,12000.0,12000.0,15000.0,680,68000.0,4.7e-09,3.3e-09,3.348927120539206
1000.0,120,3900.0,2200.0,3900.0,56000.0,4.7e-08,1.5e-09,2.498267401762715
22000.0,2200.0,180,2700.0,1500.0,3900.0,4.7e-08,3.3e-08,2.6494759130204297
10000.0,18000.0,12000.0,820,100,680,1.5e-08,1e-09,4.105968119929198
3900.0,180,180,270,4700.0,33000.0,1.5e-08,1e-09,3.292382797836734
470,4700.0,150,220,33000.0,220,6.8e-09,4.7e-09,0.9755696200041482
220,2700.0,5600.0,680,56000.0,1800.0,3.3e-09,6.8e-08,1.1286004754304877
5600.0,1200.0,6800.0,2700.0,39000.0,1800.0,1e-08,1.5e-08,0.5902248065281298
15000.0,18000.0,1000.0,1800.0,1200.0,27000.0,6.8e-09,1.5e-08,2.526959000968284
18000.0,56000.0,1200.0,18000.0,15000.0,390,3.3e-08,3.3e-08,0.9511015142817492
2200.0,180,82000.0,10000.0,56000.0,180,2.2e-09,3.3e-09,1.2806749784063713
180,470,100,15000.0,150,5600.0,1.5e-09,6.8e-09,4.749617897291107
18000.0,1800.0,560,1800.0,82000.0,330,4.7e-08,3.3e-09,0.9671113136091591
3300.0,4700.0,330,3900.0,2700.0,82000.0,4.7e-09,2.2e-08,1.9589944030733464
6800.0,39000.0,2700.0,820,220,180,1e-08,3.3e-09,4.383484666270497
27000.0,1500.0,56000.0,150,1800.0,330,1e-08,1e-08,1.6498969163699115
100,6800.0,1200.0,680,22000.0,560,3.3e-09,1.5e-09,0.992988052181607
8200.0,10000.0,4700.0,56000.0,27000.0,8200.0,1.5e-09,3.3e-09,4.989584625129864
47000.0,3900.0,4700.0,330,100,56000.0,4.7e-08,2.2e-08,1.0623895548021898
560,330,47000.0,1200.0,470,39000.0,3.3e-08,1.5e-08,1.0644867720141513
4700.0,680,33000.0,56000.0,1000.0,47000.0,2.2e-08,1.5e-08,1.7928048947534279
33000.0,82000.0,100,120,68000.0,100,1.5e-08,2.2e-08,0.9469767635005433
3900.0,560,560,150,330,1200.0,1.5e-09,3.3e-08,2.5875643128066326
1800.0,680,180,180,18000.0,1500.0,1e-09,1e-08,4.911206219004625
470,15000.0,390,180,3300.0,560,1e-08,3.3e-09,0.9691640224687872
3900.0,470,5600.0,18000.0,22000.0,1000.0,4.7e-09,1.5e-08,3.7284625672080347
270,82000.0,8200.0,1200.0,10000.0,68000.0,1e-08,1.5e-09,0.9873935358867705
220,470,39000.0,330,33000.0,27000.0,3.3e-08,1.5e-09,1.0118209001494287
150,3900.0,47000.0,56000.0,12000.0,1200.0,3.3e-08,2.2e-09,0.9926528776954778
10000.0,180,15000.0,470,12000.0,5600.0,4.7e-09,2.2e-09,2.5021402948436586
3300.0,5600.0,4700.0,560,47000.0,1500.0,6.8e-08,4.7e-09,0.9989779960541458
47000.0,6800.0,22000.0,150,1500.0,150,3.3e-08,1e-09,3.063559084489109
150,470,1200.0,1200.0,120,220,4.7e-09,2.2e-09,4.962899582465262
22000.0,100,560,100,39000.0,82000.0,3.3e-09,2.2e-08,1.0807341938427948
4700.0,33000.0,47000.0,5600.0,8200.0,10000.0,1.5e-09,1.5e-08,2.5307281461721383
8200.0,180,270,10000.0,1200.0,1000.0,3.3e-08,6.8e-09,4.9228776024572145
12000.0,180,330,6800.0,8200.0,10000.0,4.7e-08,6.8e-08,2.100298365184002
1500.0,1800.0,18000.0,3300.0,18000.0,22000.0,1e-09,2.2e-09,2.564912522103104
56000.0,270,3300.0,12000.0,18000.0,220,6.8e-08,2.2e-08,0.9016072822705468
1000.0,10000.0,120,5600.0,120,3300.0,2.2e-09,4.7e-08,4.577453893028711
270,560,1000.0,180,470,15000.0,2.2e-09,1.5e-08,2.353982632789078
1000.0,2200.0,150,100,5600.0,12000.0,4.7e-08,1e-08,0.868414793728818
820,150,15000.0,120,2700.0,820,4.7e-08,1.5e-09,1.782741585223979
100,1500.0,820,18000.0,150,47000.0,6.8e-09,2.2e-09,4.913939656155092
270,1800.0,390,680,33000.0,68000.0,1e-08,1.5e-09,0.2598791637745335
18000.0,1200.0,4700.0,3300.0,390,560,1.5e-08,1.5e-08,4.537837564699671
120,1500.0,10000.0,4700.0,39000.0,120,2.2e-08,6.8e-08,0.9256956713582373
1500.0,8200.0,180,820,820,68000.0,1.5e-08,4.7e-08,2.218766718680916
180,39000.0,3300.0,3900.0,12000.0,180,1e-08,1e-09,2.678452371331299
47000.0,12000.0,27000.0,270,330,10000.0,2.2e-08,2.2e-08,1.0623437125089021
27000.0,120,680,39000.0,1500.0,4700.0,2.2e-08,1.5e-09,4.8983113702068755
3900.0,100,2700.0,1500.0,22000.0,15000.0,4.7e-08,6.8e-09,2.3244942180425583
12000.0,8200.0,120,3300.0,10000.0,15000.0,4.7e-08,2.2e-08,2.5433729810062986
39000.0,47000.0,4700.0,390,68000.0,27000.0,4.7e-08,2.2e-09,1.0138522595708745
5600.0,68000.0,15000.0,12000.0,470,820,1e-09,3.3e-09,4.778734196081436
3300.0,27000.0,10000.0,220,100,100,6.8e-08,3.3e-08,3.1796368567774893
3900.0,3900.0,39000.0,4700.0,27000.0,1200.0,1e-09,2.2e-09,2.700938032841251
15000.0,2200.0,5600.0,82000.0,4700.0,1200.0,1.5e-09,1e-08,4.747840626506367
47000.0,47000.0,82000.0,6800.0,150,3900.0,1.5e-09,1e-08,2.5404984183291925
6800.0,27000.0,100,15000.0,270,680,3.3e-09,6.8e-08,4.801699719670505
82000.0,27000.0,100,8200.0,390,56000.0,3.3e-09,1e-08,2.4101410483019006
47000.0,6800.0,18000.0,120,820,12000.0,3.3e-09,2.2e-09,1.1426359621959656
18000.0,100,2200.0,680,150,390,1e-09,6.8e-08,2.675821611963774
10000.0,6800.0,27000.0,2700.0,150,100,6.8e-09,1e-09,4.879307749300978
3300.0,120,1200.0,4700.0,82000.0,8200.0,3.3e-09,2.2e-08,2.5318435937698385
1500.0,3900.0,3900.0,100,4700.0,560,3.3e-09,1e-09,1.2947644620536813
180,6800.0,47000.0,2700.0,6800.0,8200.0,3.3e-08,1.5e-09,0.9416909696277466
3900.0,12000.0,150,18000.0,1500.0,39000.0,1e-09,3.3e-08,2.5048630902970195
2700.0,470,120,100,3300.0,15000.0,1.5e-09,1.5e-08,2.4183423468957943
18000.0,180,39000.0,390,12000.0,4700.0,6.8e-08,6.8e-09,1.1270868937927305
8200.0,3900.0,68000.0,2200.0,1800.0,18000.0,1e-08,2.2e-09,1.9331132803440965
560,3300.0,820,12000.0,82000.0,470,1e-08,4.7e-09,0.9444336571856059
220,5600.0,18000.0,180,10000.0,22000.0,1e-08,1.5e-09,1.432539703875983
100,470,3300.0,560,18000.0,33000.0,2.2e-09,2.2e-08,2.245622429214529
220,68000.0,2200.0,1200.0,3300.0,2700.0,6.8e-08,2.2e-09,0.9877828249540925
390,39000.0,6800.0,390,680,68000.0,3.3e-09,4.7e-08,2.7950822824874084
3300.0,3900.0,680,1200.0,120,270,1.5e-09,4.7e-09,4.998588810489677
180,12000.0,82000.0,1500.0,2700.0,1000.0,1e-09,3.3e-09,0.9393644697774287
8200.0,2200.0,8200.0,8200.0,56000.0,3900.0,6.8e-09,4.7e-09,0.6002449797681565
470,390,15000.0,27000.0,47000.0,47000.0,2.2e-08,4.7e-08,1.38182273737307
33000.0,68000.0,150,100,2700.0,18000.0,3.3e-09,4.7e-08,2.111911757735243
220,1200.0,33000.0,18000.0,3900.0,33000.0,6.8e-08,1.5e-09,0.05437460511928355
39000.0,330,68000.0,3900.0,27000.0,820,6.8e-08,1.5e-09,0.6765802321111174
8200.0,6800.0,220,2200.0,5600.0,27000.0,6.8e-08,3.3e-09,1.8923542142457555
5600.0,39000.0,22000.0,1500.0,2700.0,33000.0,6.8e-08,1e-09,0.9940619682637981
120,10000.0,560,18000.0,10000.0,12000.0,6.8e-09,1e-09,2.0227537786265266
22000.0,330,39000.0,680,180,390,4.7e-09,1e-09,4.21235782141544
390,2700.0,220,56000.0,3900.0,120,4.7e-09,6.8e-08,4.992155531381913
10000.0,2200.0,5600.0,82000.0,33000.0,39000.0,6.8e-09,3.3e-08,1.6773867131331757
1500.0,10000.0,3900.0,390,270,820,4.7e-08,1.5e-09,0.8552758249435488
27000.0,5600.0,680,470,22000.0,560,6.8e-09,4.7e-08,1.199851916254309
82000.0,390,220,15000.0,56000.0,470,4.7e-08,6.8e-09,0.9768273551235671
1000.0,220,82000.0,68000.0,47000.0,27000.0,1.5e-08,2.2e-09,0.9992992102103395
18000.0,680,12000.0,470,330,1500.0,1e-08,1e-09,3.6238263763616247
68000.0,820,330,470,27000.0,330,1e-09,6.8e-09,1.911953734487671
22000.0,470,18000.0,220,1500.0,5600.0,1.5e-09,6.8e-08,1.0600684364929558
5600.0,15000.0,3900.0,270,33000.0,47000.0,3.3e-08,6.8e-09,1.0102222850676368
220,5600.0,330,4700.0,82000.0,10000.0,4.7e-09,1.5e-09,0.9471956983150843
220,100,150,5600.0,39000.0,1800.0,4.7e-09,1e-09,3.885030459651719
1800.0,680,220,6800.0,3900.0,390,2.2e-09,4.7e-08,4.624959774692262
2700.0,56000.0,39000.0,220,47000.0,1800.0,1e-08,4.7e-08,0.9997574687295854
82000.0,820,100,27000.0,120,1500.0,1.5e-08,1.5e-09,4.987780956615244
2200.0,820,4700.0,6800.0,4700.0,330,1e-08,4.7e-09,0.9987533323518073
1800.0,12000.0,820,22000.0,680,270,6.8e-08,2.2e-09,4.846749353254225
270,22000.0,100,6800.0,82000.0,2700.0,6.8e-09,2.2e-08,0.9459702640174737
220,680,27000.0,22000.0,220,3900.0,3.3e-09,2.2e-09,4.983820470196465
33000.0,4700.0,120,22000.0,120,470,2.2e-09,3.3e-08,4.611099445605901
5600.0,39000.0,22000.0,100,4700.0,47000.0,1e-08,6.8e-09,1.104412533509379
6800.0,270,1800.0,39000.0,15000.0,330,1e-09,3.3e-09,4.977405858670581
120,470,470,1800.0,100,18000.0,2.2e-09,6.8e-09,3.7730307878286977
22000.0,10000.0,100,68000.0,330,220,4.7e-09,4.7e-09,4.998760051506218
1500.0,22000.0,10000.0,68000.0,3300.0,1000.0,1e-09,4.7e-08,3.096445384363978
10000.0,680,220,390,8200.0,12000.0,1.5e-08,4.7e-08,1.9988823925457333
2700.0,1000.0,680,1500.0,82000.0,1200.0,1.5e-09,6.8e-08,2.5513951306984044
15000.0,1200.0,270,47000.0,390,100,6.8e-09,3.3e-08,4.977124783925716
33000.0,1500.0,1500.0,8200.0,180,12000.0,3.3e-09,1e-08,2.621230652586922
8200.0,560,470,12000.0,1500.0,18000.0,1.5e-09,2.2e-09,3.512727464852746
18000.0,820,1200.0,820,82000.0,33000.0,6.8e-09,3.3e-09,2.3371245904012823
1200.0,56000.0,68000.0,47000.0,1500.0,27000.0,1e-08,2.2e-09,1.0633587764520316
820,10000.0,39000.0,220,120,330,3.3e-09,2.2e-09,4.992138537373016
1200.0,1000.0,2700.0,8200.0,150,56000.0,6.8e-08,1e-09,3.587564091469558
47000.0,18000.0,12000.0,68000.0,6800.0,4700.0,1e-08,3.3e-08,2.628463479270675
470,18000.0,2200.0,820,22000.0,18000.0,3.3e-08,4.7e-09,0.9945522728038767
56000.0,39000.0,47000.0,22000.0,82000.0,1000.0,6.8e-08,3.3e-08,1.1455419851157016
390,220,68000.0,1500.0,5600.0,150,4.7e-08,4.7e-09,0.5785693092510216
27000.0,39000.0,100,3900.0,820,1000.0,3.3e-09,6.8e-08,3.8908172820228017
3900.0,56000.0,56000.0,680,100,680,2.2e-08,6.8e-08,2.5341442676400265
680,47000.0,470,680,2200.0,3900.0,1.5e-09,4.7e-09,1.0620537939157828
82000.0,8200.0,33000.0,2700.0,1200.0,680,3.3e-09,6.8e-09,3.1766806623334922
120,2700.0,2200.0,1800.0,2700.0,18000.0,6.8e-08,4.7e-09,0.6059770445858386
2200.0,560,1200.0,56000.0,39000.0,2700.0,1.5e-08,4.7e-09,3.1691396293900946
330,100,6800.0,330,1800.0,15000.0,2.2e-09,1e-08,1.2197312368786244
560,560,560,8200.0,2200.0,1800.0,1.5e-08,1.5e-08,4.7958925011586455
10000.0,270,56000.0,120,33000.0,390,2.2e-09,4.7e-09,2.042782150153171
39000.0,220,5600.0,120,180,100,1.5e-08,6.8e-08,2.5039011729360983
560,8200.0,180,1000.0,47000.0,47000.0,6.8e-08,3.3e-09,0.9743118527714397
18000.0,2200.0,47000.0,2700.0,39000.0,1000.0,1.5e-08,2.2e-08,2.827863767503585
39000.0,5600.0,47000.0,4700.0,12000.0,10000.0,1e-07,2.2e-08,1.1254490096184477
15000.0,4700.0,3300.0,15000.0,5600.0,22000.0,1e-07,4.7e-08,2.007978254796876
10000.0,33000.0,1800.0,1000.0,22000.0,8200.0,4.7e-08,6.8e-08,1.4816413081867608
39000.0,39000.0,5600.0,5600.0,1800.0,18000.0,1e-08,2.2e-08,2.455894168245779
4700.0,47000.0,6800.0,4700.0,4700.0,47000.0,6.8e-08,6.8e-08,1.2841130790528628
5600.0,3300.0,2200.0,22000.0,3900.0,1200.0,1e-07,1e-07,2.4528263451547567
39000.0,10000.0,6800.0,2200.0,1000.0,47000.0,3.3e-08,2.2e-08,1.1514772736535477
4700.0,12000.0,10000.0,10000.0,1200.0,33000.0,6.8e-08,4.7e-08,2.1451551422319626
3300.0,6800.0,3900.0,27000.0,47000.0,18000.0,6.8e-08,2.2e-08,1.432718099699191
22000.0,5600.0,2700.0,27000.0,2700.0,5600.0,1e-08,3.3e-08,2.5908813751322834
2200.0,4700.0,27000.0,2700.0,6800.0,47000.0,1e-08,1.5e-08,1.287958911464052
8200.0,3900.0,5600.0,12000.0,6800.0,8200.0,2.2e-08,4.7e-08,2.539405401838289
5600.0,15000.0,1800.0,18000.0,1200.0,47000.0,4.7e-08,4.7e-08,2.152857537848878
39000.0,1500.0,18000.0,3300.0,22000.0,1800.0,1e-07,6.8e-08,1.313923140270652
10000.0,22000.0,5600.0,12000.0,1200.0,2200.0,1.5e-08,1.5e-08,3.8460962977095723
6800.0,12000.0,33000.0,15000.0,2200.0,6800.0,1e-07,6.8e-08,3.293037630013989
2700.0,1500.0,18000.0,6800.0,47000.0,2700.0,2.2e-08,6.8e-08,3.4364289102426224
1200.0,1000.0,15000.0,4700.0,3300.0,2700.0,4.7e-08,1e-07,2.7475479465859847
2700.0,18000.0,1500.0,2200.0,39000.0,12000.0,6.8e-08,3.3e-08,1.9016042065113852
10000.0,12000.0,18000.0,10000.0,1000.0,1200.0,4.7e-08,1.5e-08,1.9797738598119001
8200.0,1000.0,6800.0,22000.0,3300.0,1000.0,6.8e-08,1e-08,2.773307744777339
47000.0,3900.0,3900.0,8200.0,5600.0,2200.0,1e-08,3.3e-08,2.727199394176234
22000.0,33000.0,5600.0,2700.0,1500.0,1200.0,2.2e-08,2.2e-08,2.0699475193560257
15000.0,22000.0,39000.0,22000.0,6800.0,12000.0,6.8e-08,1.5e-08,1.7955051520093406
6800.0,18000.0,8200.0,3300.0,2700.0,10000.0,1e-08,1.5e-08,2.5287715257012384
3900.0,2200.0,3300.0,1000.0,33000.0,22000.0,1.5e-08,1e-08,3.357916826075506
8200.0,47000.0,1200.0,10000.0,47000.0,4700.0,1e-07,4.7e-08,0.9894993607234912
39000.0,1200.0,39000.0,1200.0,1800.0,47000.0,1e-07,1e-08,1.0889510420132258
1200.0,1800.0,12000.0,15000.0,10000.0,1800.0,4.7e-08,2.2e-08,0.37556304155959475
18000.0,2200.0,3300.0,47000.0,1000.0,5600.0,3.3e-08,6.8e-08,2.4725321220819905
1800.0,22000.0,4700.0,39000.0,39000.0,2200.0,3.3e-08,1e-07,0.5529169080685593
1800.0,22000.0,39000.0,1800.0,5600.0,1800.0,1e-07,1e-08,1.0082081545019261
18000.0,3300.0,39000.0,3300.0,4700.0,22000.0,1.5e-08,2.2e-08,1.1061166029126608
12000.0,5600.0,2700.0,1200.0,27000.0,18000.0,1.5e-08,6.8e-08,1.258636869910054
18000.0,6800.0,3900.0,1000.0,1000.0,1500.0,1e-08,1e-07,2.300012948949754
33000.0,18000.0,2200.0,1500.0,22000.0,1500.0,6.8e-08,6.8e-08,1.5410189193537507
1800.0,4700.0,47000.0,3900.0,15000.0,5600.0,2.2e-08,3.3e-08,2.7126778673975616
1200.0,1800.0,2700.0,1200.0,5600.0,8200.0,1e-07,6.8e-08,2.7491821654547755
6800.0,12000.0,1800.0,1800.0,1200.0,1000.0,1e-07,1.5e-08,0.915012603693
47000.0,2700.0,6800.0,8200.0,15000.0,39000.0,2.2e-08,6.8e-08,1.1369592092607332
1500.0,8200.0,6800.0,2700.0,1800.0,10000.0,3.3e-08,3.3e-08,1.7653192567129405
4700.0,10000.0,18000.0,12000.0,47000.0,2700.0,1e-08,1.5e-08,0.14171868127951223
1200.0,2700.0,1800.0,12000.0,33000.0,18000.0,1e-07,4.7e-08,2.9196832193866458
15000.0,2700.0,39000.0,10000.0,8200.0,39000.0,1e-08,1e-07,1.0709772495691607
2200.0,18000.0,18000.0,1800.0,12000.0,15000.0,1e-08,1e-08,1.6319830229611278
4700.0,47000.0,6800.0,1000.0,22000.0,33000.0,6.8e-08,4.7e-08,0.999765615049208
3900.0,6800.0,22000.0,22000.0,39000.0,1800.0,3.3e-08,6.8e-08,1.133129827794803
3900.0,18000.0,8200.0,47000.0,10000.0,2200.0,1e-07,1e-07,0.5199054431084663
27000.0,39000.0,1200.0,1000.0,47000.0,2700.0,4.7e-08,1e-07,2.8118876492346807
18000.0,18000.0,2700.0,1500.0,18000.0,6800.0,1.5e-08,2.2e-08,1.974116823721375
4700.0,1200.0,22000.0,3900.0,27000.0,47000.0,3.3e-08,3.3e-08,1.054919480385569
3900.0,1500.0,15000.0,15000.0,33000.0,15000.0,1e-08,1e-07,1.35930175931159
18000.0,15000.0,6800.0,1800.0,18000.0,47000.0,1e-08,1e-08,1.8945067688409343
10000.0,12000.0,1200.0,27000.0,27000.0,1000.0,1e-07,1e-08,1.6112346468278629
39000.0,39000.0,47000.0,5600.0,22000.0,27000.0,1.5e-08,6.8e-08,1.0872466842985802
15000.0,6800.0,8200.0,1200.0,3900.0,15000.0,2.2e-08,4.7e-08,1.150763191047106
39000.0,39000.0,18000.0,8200.0,15000.0,1800.0,1e-08,1e-07,2.7182414114805318
3900.0,1000.0,6800.0,8200.0,47000.0,5600.0,4.7e-08,4.7e-08,3.378047235983952
8200.0,1800.0,1200.0,2700.0,18000.0,2200.0,1e-07,6.8e-08,1.6280386405921448
12000.0,1800.0,4700.0,39000.0,3300.0,3300.0,1e-08,1e-07,2.505135154857581
10000.0,3300.0,15000.0,3300.0,6800.0,1800.0,1e-07,3.3e-08,2.1093502131244555
1200.0,47000.0,33000.0,1800.0,15000.0,15000.0,6.8e-08,4.7e-08,0.9994197305818867
22000.0,2200.0,18000.0,1000.0,22000.0,1200.0,4.7e-08,3.3e-08,2.6931696059059247
33000.0,18000.0,22000.0,2700.0,33000.0,2700.0,6.8e-08,1e-07,1.015530934854011
2200.0,1800.0,10000.0,39000.0,39000.0,6800.0,4.7e-08,3.3e-08,1.4733554657005392
12000.0,39000.0,3900.0,4700.0,10000.0,6800.0,2.2e-08,3.3e-08,0.8200550280926204
2200.0,2200.0,12000.0,39000.0,22000.0,5600.0,1e-07,6.8e-08,2.1578411651943386
27000.0,6800.0,27000.0,47000.0,3300.0,3300.0,1.5e-08,4.7e-08,2.551798098584845
5600.0,8200.0,2200.0,47000.0,2700.0,22000.0,4.7e-08,6.8e-08,2.1774623816753746
47000.0,6800.0,1800.0,8200.0,27000.0,18000.0,4.7e-08,4.7e-08,2.349670621842195
12000.0,27000.0,5600.0,12000.0,1000.0,22000.0,1e-08,1e-08,2.7444717683500213
10000.0,2200.0,1200.0,1200.0,3300.0,4700.0,1e-07,1e-07,2.438121790063682
2700.0,5600.0,4700.0,2200.0,1200.0,5600.0,1.5e-08,1e-07,2.292785690783987
27000.0,1200.0,8200.0,15000.0,1800.0,39000.0,1e-07,6.8e-08,1.1345359617149198
27000.0,3900.0,47000.0,27000.0,10000.0,3900.0,4.7e-08,1e-07,2.4271631184902356
5600.0,1200.0,10000.0,10000.0,12000.0,6800.0,4.7e-08,1e-08,0.9704836939738883
1000.0,4700.0,3300.0,39000.0,15000.0,3900.0,6.8e-08,6.8e-08,0.2904445071672492
47000.0,8200.0,33000.0,27000.0,39000.0,3300.0,1e-07,6.8e-08,1.5122051378810912
3300.0,5600.0,15000.0,2700.0,1500.0,2700.0,1.5e-08,6.8e-08,2.45567835044614
22000.0,1800.0,10000.0,1200.0,12000.0,4700.0,4.7e-08,2.2e-08,2.743951444673728
2200.0,2700.0,33000.0,4700.0,1000.0,6800.0,3.3e-08,6.8e-08,1.4240166668236318
2200.0,1200.0,2200.0,6800.0,39000.0,1200.0,1e-07,6.8e-08,1.0304271311767492
39000.0,5600.0,18000.0,33000.0,27000.0,8200.0,1e-08,1e-07,1.8107030318295174
6800.0,22000.0,3900.0,2700.0,22000.0,1500.0,1e-07,4.7e-08,1.0221794615753306
2700.0,12000.0,27000.0,27000.0,10000.0,1500.0,2.2e-08,1.5e-08,0.7673165619569309
3300.0,6800.0,6800.0,8200.0,5600.0,3300.0,1e-07,4.7e-08,1.0412688453216372
22000.0,18000.0,27000.0,47000.0,1000.0,1800.0,6.8e-08,2.2e-08,2.6486674156883105
15000.0,3900.0,47000.0,39000.0,39000.0,3900.0,1e-08,6.8e-08,3.1263209470793116
6800.0,10000.0,1800.0,10000.0,4700.0,27000.0,6.8e-08,2.2e-08,2.6528413638368815
1000.0,22000.0,8200.0,22000.0,22000.0,15000.0,3.3e-08,1e-08,0.862429839095067
5600.0,47000.0,3300.0,6800.0,22000.0,1500.0,1e-08,1.5e-08,0.865948640366389
27000.0,27000.0,1000.0,47000.0,1500.0,3300.0,6.8e-08,6.8e-08,2.676606967864996
3300.0,12000.0,1800.0,3300.0,27000.0,12000.0,6.8e-08,1e-07,1.2887167929714953
1500.0,2200.0,1000.0,15000.0,6800.0,1200.0,1e-08,1e-08,2.3760778982830217
1200.0,2700.0,4700.0,27000.0,1500.0,33000.0,1e-07,1.5e-08,2.525066334635152
4700.0,12000.0,10000.0,15000.0,47000.0,10000.0,3.3e-08,2.2e-08,1.2177402519412575
1000.0,10000.0,1800.0,27000.0,1000.0,47000.0,6.8e-08,4.7e-08,2.5309513128952914
1500.0,33000.0,1200.0,1500.0,8200.0,22000.0,1e-08,2.2e-08,0.27724259854170186
5600.0,39000.0,1500.0,5600.0,15000.0,10000.0,3.3e-08,1e-07,1.4976765777529604
1000.0,18000.0,2700.0,27000.0,3900.0,2200.0,6.8e-08,3.3e-08,0.8543300093493457
27000.0,5600.0,47000.0,2200.0,5600.0,47000.0,2.2e-08,1e-08,1.0935784107243323
27000.0,27000.0,2200.0,1800.0,1200.0,1000.0,4.7e-08,4.7e-08,1.907956237720011
10000.0,27000.0,27000.0,1500.0,5600.0,3300.0,6.8e-08,6.8e-08,1.3818306696676859
8200.0,3300.0,12000.0,47000.0,22000.0,2200.0,1.5e-08,1.5e-08,1.080537740300833
3900.0,39000.0,4700.0,3300.0,1800.0,2700.0,6.8e-08,1e-07,0.7177954505185811
33000.0,1200.0,27000.0,15000.0,47000.0,27000.0,1e-08,2.2e-08,1.6059505917352428
1500.0,4700.0,1800.0,3300.0,33000.0,18000.0,2.2e-08,2.2e-08,1.4271485222562175
2200.0,47000.0,3900.0,1800.0,5600.0,39000.0,1e-08,1.5e-08,0.9945141668529418
6800.0,18000.0,15000.0,6800.0,39000.0,5600.0,6.8e-08,4.7e-08,1.0342502048915527
2200.0,33000.0,33000.0,8200.0,6800.0,12000.0,1.5e-08,1e-08,0.7666341737567548
6800.0,3900.0,3900.0,47000.0,12000.0,4700.0,1e-07,2.2e-08,1.1308763351211064
2200.0,6800.0,18000.0,15000.0,15000.0,8200.0,1e-07,2.2e-08,1.2569434705923204
18000.0,27000.0,1800.0,2700.0,47000.0,39000.0,1e-08,1e-07,1.264649497844421
4700.0,2200.0,27000.0,3300.0,4700.0,47000.0,1e-08,6.8e-08,1.0669329795022708
1500.0,1000.0,22000.0,47000.0,1000.0,33000.0,4.7e-08,3.3e-08,1.8274042575916531
33000.0,3300.0,1200.0,27000.0,4700.0,27000.0,4.7e-08,3.3e-08,1.9255155164113995
47000.0,2200.0,8200.0,10000.0,3900.0,33000.0,6.8e-08,1e-07,1.1100854032518856
5600.0,2200.0,15000.0,22000.0,22000.0,1500.0,3.3e-08,2.2e-08,0.33501544406478895
22000.0,1000.0,3900.0,39000.0,2700.0,22000.0,1.5e-08,3.3e-08,2.0095527637323736
2700.0,2700.0,33000.0,33000.0,2200.0,18000.0,2.2e-08,1e-08,2.5283504668525514
3900.0,18000.0,3900.0,1500.0,4700.0,8200.0,1.5e-08,1e-08,0.5005196677731155
3300.0,22000.0,8200.0,10000.0,18000.0,15000.0,1e-08,1e-08,0.1571468130695967
47000.0,6800.0,1800.0,22000.0,47000.0,4700.0,1e-07,6.8e-08,2.5752801209507243
4700.0,33000.0,27000.0,33000.0,2700.0,10000.0,6.8e-08,3.3e-08,0.7948099217996326
8200.0,33000.0,47000.0,1500.0,22000.0,4700.0,3.3e-08,1.5e-08,1.1050304063940588
22000.0,10000.0,8200.0,8200.0,18000.0,18000.0,4.7e-08,1e-08,2.126780356059893
22000.0,2200.0,15000.0,2700.0,3900.0,1500.0,4.7e-08,6.8e-08,2.6132768023631265
4700.0,3300.0,2200.0,2700.0,2700.0,8200.0,4.7e-08,6.8e-08,2.4022474716124584
1800.0,3900.0,12000.0,6800.0,1800.0,18000.0,6.8e-08,3.3e-08,3.013412325403253
18000.0,3300.0,33000.0,2700.0,47000.0,12000.0,1e-08,1.5e-08,1.3921643919628175
1200.0,2200.0,33000.0,33000.0,2700.0,2200.0,6.8e-08,4.7e-08,0.6897517680568589
1200.0,33000.0,2200.0,1200.0,2700.0,4700.0,1.5e-08,4.7e-08,0.37787960663762393
10000.0,39000.0,33000.0,47000.0,1000.0,5600.0,1e-08,1.5e-08,4.581319513061852
15000.0,39000.0,18000.0,18000.0,2700.0,3900.0,1e-07,3.3e-08,0.5190640348433323
39000.0,2200.0,33000.0,2700.0,39000.0,22000.0,2.2e-08,1.5e-08,1.0919739782461153
6800.0,15000.0,39000.0,33000.0,1500.0,3900.0,3.3e-08,3.3e-08,1.9600532686269423
2200.0,1800.0,1000.0,3300.0,22000.0,22000.0,6.8e-08,3.3e-08,3.35608394964703
2200.0,39000.0,1800.0,2700.0,18000.0,39000.0,4.7e-08,1e-08,1.012920600930648
27000.0,22000.0,1800.0,1500.0,18000.0,2200.0,4.7e-08,4.7e-08,1.2793952337505794
1000.0,47000.0,12000.0,22000.0,12000.0,8200.0,1e-07,1e-08,0.9776522134568681
22000.0,12000.0,3900.0,18000.0,10000.0,8200.0,4.7e-08,1e-07,2.42782546777232
33000.0,1800.0,12000.0,2200.0,4700.0,18000.0,1e-07,1.5e-08,1.5842019258486502
1500.0,5600.0,39000.0,27000.0,12000.0,4700.0,1.5e-08,1e-08,0.4792277454407238
1000.0,33000.0,22000.0,1800.0,22000.0,1000.0,3.3e-08,6.8e-08,1.898080677568688
3300.0,6800.0,12000.0,8200.0,1800.0,2200.0,3.3e-08,6.8e-08,2.0598048460815805
33000.0,4700.0,4700.0,27000.0,12000.0,33000.0,2.2e-08,4.7e-08,1.4380167283322676
4700.0,10000.0,3300.0,12000.0,27000.0,27000.0,3.3e-08,1.5e-08,1.548117112939725
8200.0,27000.0,27000.0,18000.0,4700.0,5600.0,4.7e-08,2.2e-08,0.6374820259410527
10000.0,2200.0,1800.0,3900.0,15000.0,2700.0,1e-08,1.5e-08,1.9892212759657868
22000.0,10000.0,6800.0,27000.0,39000.0,1200.0,1.5e-08,3.3e-08,0.7083098948841186
47000.0,1000.0,1500.0,2200.0,18000.0,39000.0,3.3e-08,1e-08,2.7973773209212855
1500.0,4700.0,3900.0,8200.0,1500.0,39000.0,1e-08,6.8e-08,1.8337297517584275
10000.0,10000.0,39000.0,47000.0,22000.0,5600.0,6.8e-08,4.7e-08,2.2339744151726104
1200.0,2700.0,47000.0,18000.0,15000.0,1000.0,1.5e-08,1e-07,1.0824828354986797
22000.0,5600.0,3300.0,1200.0,39000.0,22000.0,4.7e-08,6.8e-08,1.0242977018178177
3900.0,39000.0,2700.0,1200.0,8200.0,3900.0,6.8e-08,1e-08,0.8990864542625912
2700.0,1500.0,4700.0,10000.0,8200.0,10000.0,3.3e-08,4.7e-08,2.6847509689910316
3300.0,22000.0,1000.0,1500.0,1500.0,27000.0,2.2e-08,6.8e-08,2.60760272832364
27000.0,33000.0,8200.0,8200.0,4700.0,3900.0,4.7e-08,1.5e-08,0.5866241601445774
15000.0,10000.0,33000.0,1000.0,4700.0,2700.0,3.3e-08,4.7e-08,1.2809982243226976
1800.0,27000.0,1500.0,22000.0,5600.0,6800.0,1e-08,1e-07,1.9770582749214316
22000.0,4700.0,27000.0,33000.0,4700.0,15000.0,3.3e-08,4.7e-08,1.8206155257628436
18000.0,3900.0,6800.0,15000.0,15000.0,33000.0,1e-07,1e-08,2.986477589098304
18000.0,1800.0,4700.0,1500.0,10000.0,47000.0,1e-07,1.5e-08,1.1629103114703738
3900.0,6800.0,12000.0,8200.0,22000.0,27000.0,1e-08,6.8e-08,1.586723087748856
4700.0,3900.0,5600.0,1500.0,10000.0,6800.0,1e-08,4.7e-08,2.207445058261522
2700.0,18000.0,6800.0,8200.0,3300.0,33000.0,2.2e-08,1.5e-08,1.1369605469209576
3300.0,18000.0,3300.0,3900.0,3900.0,4700.0,1.5e-08,1.5e-08,0.7072372219658557
3300.0,3900.0,39000.0,8200.0,2200.0,1800.0,1e-08,1e-08,2.8135414550795184
18000.0,39000.0,1000.0,27000.0,1200.0,18000.0,2.2e-08,4.7e-08,2.5307493355889408
6800.0,18000.0,33000.0,4700.0,18000.0,2700.0,1e-07,4.7e-08,1.0416077352640505
4700.0,10000.0,3900.0,33000.0,2200.0,1200.0,4.7e-08,1e-07,3.2272894549259274
12000.0,18000.0,27000.0,1200.0,22000.0,8200.0,3.3e-08,1e-07,1.020647924665709
2700.0,15000.0,1800.0,22000.0,15000.0,6800.0,6.8e-08,1e-08,0.7137743047248527
1000.0,3300.0,10000.0,33000.0,1800.0,6800.0,2.2e-08,4.7e-08,2.6423293088277444
4700.0,2700.0,27000.0,4700.0,3900.0,4700.0,3.3e-08,4.7e-08,2.105624575632054
6800.0,8200.0,2700.0,18000.0,12000.0,3300.0,3.3e-08,6.8e-08,1.9587770760415535
8200.0,8200.0,10000.0,4700.0,15000.0,2700.0,4.7e-08,1.5e-08,0.877320286692282
33000.0,3900.0,1800.0,4700.0,3900.0,27000.0,3.3e-08,1e-07,1.1545991284904127
10000.0,3300.0,2200.0,2200.0,18000.0,1000.0,1.5e-08,3.3e-08,0.7562502207499169
18000.0,2200.0,47000.0,22000.0,27000.0,6800.0,1e-07,3.3e-08,1.3893935946354363
5600.0,4700.0,27000.0,33000.0,1200.0,10000.0,1e-08,6.8e-08,2.126699409059906
2700.0,1200.0,3300.0,4700.0,18000.0,47000.0,1e-08,3.3e-08,1.3979674523693377
6800.0,4700.0,8200.0,8200.0,27000.0,27000.0,1e-07,2.2e-08,1.2100274911683913
8200.0,1000.0,12000.0,1800.0,8200.0,39000.0,1.5e-08,4.7e-08,1.0818480491339493
33000.0,47000.0,47000.0,27000.0,2700.0,5600.0,2.2e-08,2.2e-08,2.396266090422406
22000.0,18000.0,15000.0,1500.0,10000.0,39000.0,2.2e-08,3.3e-08,1.1091612255110794
47000.0,2200.0,2700.0,47000.0,6800.0,12000.0,6.8e-08,4.7e-08,2.2763308135001985
33000.0,10000.0,1500.0,1500.0,2700.0,6800.0,1.5e-08,2.2e-08,2.539968480132278
6800.0,47000.0,5600.0,4700.0,39000.0,47000.0,3.3e-08,2.2e-08,1.0460877303575575
15000.0,8200.0,33000.0,22000.0,15000.0,12000.0,1.5e-08,1.5e-08,2.731007958987935
1000.0,2200.0,3900.0,4700.0,1500.0,3300.0,1.5e-08,3.3e-08,3.010671022028055
1800.0,1800.0,1500.0,18000.0,27000.0,1200.0,1e-08,1e-07,2.7289769248727764
10000.0,22000.0,1500.0,1800.0,4700.0,39000.0,1.5e-08,1e-08,2.5701912373656963
47000.0,10000.0,5600.0,3900.0,3900.0,5600.0,3.3e-08,6.8e-08,2.164172057814413
2200.0,2200.0,22000.0,2700.0,1000.0,1200.0,6.8e-08,2.2e-08,1.9241367497469708
6800.0,18000.0,15000.0,27000.0,4700.0,27000.0,3.3e-08,1.5e-08,1.8716967103733608
27000.0,2700.0,33000.0,39000.0,15000.0,47000.0,6.8e-08,6.8e-08,1.1163573816731571
33000.0,12000.0,22000.0,47000.0,47000.0,27000.0,2.2e-08,2.2e-08,3.2626429730585773
